"Entity Type","Entity Name","Year","Ag & Water Pump","Commercial Building","Commercial Other","Industry","Mining & Construction","Residential","Streetlight","Total Usage"
"Investor owned utility","Bear Valley Electric Service","2010","       0.034741","      55.103361","       0.000000","       0.000000","       0.000000","      76.815000","       0.213898","     132.167000"
"Investor owned utility","Bear Valley Electric Service","2011","       0.037805","      57.861665","       0.000000","       0.000000","       0.000000","      78.398000","       0.231530","     136.529000"
"Investor owned utility","Bear Valley Electric Service","2012","       0.000000","      53.283924","       0.000000","       0.000000","       0.000000","      74.409000","       0.209076","     127.902000"
"Investor owned utility","Bear Valley Electric Service","2013","       0.000000","      56.797311","       0.000000","       0.000000","       0.000000","      76.429000","       0.211689","     133.438000"
"Investor owned utility","Bear Valley Electric Service","2014","       0.000000","      52.235958","       0.000000","       0.000000","       0.000000","      73.536000","       0.215042","     125.987000"
"Investor owned utility","Bear Valley Electric Service","2015","       0.000000","      50.037724","       0.000000","       0.000000","       0.000000","      77.765492","       0.195363","     127.998579"
"Investor owned utility","Bear Valley Electric Service","2016","       0.000000","      46.388970","       0.000000","       0.000000","       0.000000","      75.896265","       0.192438","     122.477673"
"Investor owned utility","Kirkwood Meadows Public Utility District","2010","       0.000000","       0.000000","       0.000000","       0.000000","       0.000000","       5.435578","       0.000000","       5.435578"
"Investor owned utility","Kirkwood Meadows Public Utility District","2011","       0.000000","       0.000000","       0.000000","       0.000000","       0.000000","       2.404485","       0.000000","       2.404485"
"Investor owned utility","Kirkwood Meadows Public Utility District","2012","       0.000000","       0.000000","       0.000000","       0.000000","       0.000000","       2.836155","       0.000000","       2.836155"
"Investor owned utility","Kirkwood Meadows Public Utility District","2013","       0.000000","       0.000000","       0.000000","       0.000000","       0.000000","       6.659485","       0.000000","       6.659485"
"Investor owned utility","Kirkwood Meadows Public Utility District","2014","       0.000000","       0.000000","       0.000000","       0.000000","       0.000000","       6.246611","       0.000000","       6.246611"
"Investor owned utility","Kirkwood Meadows Public Utility District","2015","       0.000000","       0.000000","       0.000000","       0.000000","       0.000000","       6.110566","       0.000000","       6.110566"
"Investor owned utility","Kirkwood Meadows Public Utility District","2016","       0.000000","       2.790034","       0.771100","       0.000000","       0.000000","       2.982887","       0.000000","       6.544021"
"Investor owned utility","Liberty Utilities","2010","      11.336994","     210.022091","      28.211369","       1.426975","      20.810187","     276.674000","       0.414384","     548.896000"
"Investor owned utility","Liberty Utilities","2011","      10.751684","     211.591027","      29.394221","       1.312576","      22.524544","     267.783000","       0.409947","     543.766999"
"Investor owned utility","Liberty Utilities","2012","      11.190643","     211.654740","      29.048538","       1.316438","      22.263939","     273.628000","       0.406702","     549.509000"
"Investor owned utility","Liberty Utilities","2013","      11.309158","     213.662447","      29.387353","       1.323568","      22.453257","     281.343000","       0.412217","     559.891000"
"Investor owned utility","Liberty Utilities","2014","       8.108831","     213.128829","      24.539895","       1.619180","      22.579791","     262.902000","       0.315474","     533.194000"
"Investor owned utility","Liberty Utilities","2015","       7.328720","     192.624748","      22.179031","       1.463406","      20.407500","     268.409065","       0.285124","     512.697594"
"Investor owned utility","Liberty Utilities","2016","       7.970794","     209.500721","      24.122150","       1.591616","      22.195414","     291.924548","       0.310104","     557.615347"
"Investor owned utility","Pacific Gas and Electric Company","2010","    4963.562637","   30640.992880","    4224.441147","   10678.523822","    2349.412058","   30831.745613","     447.520287","   84136.198444"
"Investor owned utility","Pacific Gas and Electric Company","2011","    4660.928271","   30657.426431","    4258.310809","   10668.284184","    2426.684877","   30943.847427","     438.424339","   84053.906338"
"Investor owned utility","Pacific Gas and Electric Company","2012","    6202.674420","   31348.407441","    4471.271612","   10640.632836","    2323.273069","   31123.499375","     432.017863","   86541.776616"
"Investor owned utility","Pacific Gas and Electric Company","2013","    7147.744940","   31422.714129","    4443.934364","   10505.156943","    2059.310250","   30786.390512","     418.372966","   86783.624104"
"Investor owned utility","Pacific Gas and Electric Company","2014","    7715.240269","   31423.041820","    4245.287797","   10880.660873","    2225.526580","   29823.126180","     397.172459","   86710.055978"
"Investor owned utility","Pacific Gas and Electric Company","2015","    7581.369098","   31179.878450","    4550.697979","   10817.957173","    2138.725364","   29165.728985","     372.361100","   85806.718149"
"Investor owned utility","Pacific Gas and Electric Company","2016","    6691.567982","   30661.446243","    4545.686285","   10619.499101","    1909.032251","   28625.005153","     355.276594","   83407.513609"
"Investor owned utility","PacifiCorp","2010","      97.091157","     249.391613","      26.422671","      48.498343","       2.307715","     402.961000","       3.971501","     830.644000"
"Investor owned utility","PacifiCorp","2011","      99.887437","     235.337344","      22.430659","      44.819145","       2.034577","     400.728000","       3.410837","     808.647999"
"Investor owned utility","PacifiCorp","2012","     103.854293","     230.755328","      26.859716","      29.071912","       2.850947","     386.321000","       2.947804","     782.661000"
"Investor owned utility","PacifiCorp","2013","     120.416812","     198.638261","      21.051199","      58.309269","       3.266404","     390.347000","       2.805055","     794.834000"
"Investor owned utility","PacifiCorp","2014","     124.095937","     188.042426","      21.819823","      62.406091","       3.213564","     351.820000","       2.750159","     754.148000"
"Investor owned utility","PacifiCorp","2015","     113.115432","     191.110665","      18.961988","      64.923758","       4.064323","     363.656013","       2.516997","     758.349176"
"Investor owned utility","PacifiCorp","2016","     109.672500","     185.720741","      18.125837","      61.201658","       4.038063","     358.629477","       2.175500","     739.563776"
"Investor owned utility","San Diego Gas and Electric Company","2010","     307.161563","    8388.944228","    1854.113015","    1337.807892","     167.533126","    7315.869907","     113.638688","   19485.068419"
"Investor owned utility","San Diego Gas and Electric Company","2011","     366.395444","    8435.821703","    1722.670603","    1335.004959","     163.255312","    7385.455359","     105.899927","   19514.503307"
"Investor owned utility","San Diego Gas and Electric Company","2012","     378.313408","    8674.430530","    1759.254650","    1339.829755","     174.778517","    7597.700552","     101.391610","   20025.699022"
"Investor owned utility","San Diego Gas and Electric Company","2013","     344.349558","    8690.122835","    1776.681276","    1282.808889","     167.596566","    7402.046228","      93.086583","   19756.691935"
"Investor owned utility","San Diego Gas and Electric Company","2014","     334.805764","    9091.120897","    1770.689673","    1313.315648","     164.573306","    7347.369272","      94.079058","   20115.953618"
"Investor owned utility","San Diego Gas and Electric Company","2015","     298.083350","    9081.404320","    1773.099260","    1364.487810","     160.262334","    7151.816309","      89.641335","   19918.794718"
"Investor owned utility","San Diego Gas and Electric Company","2016","     290.376793","    8793.517156","    1680.406905","    1243.505215","     387.421779","    6692.278379","      81.197494","   19168.703721"
"Investor owned utility","Southern California Edison Company","2010","    2985.152909","   32519.307584","    4298.292478","   12165.311941","    1820.240088","   28819.754000","     483.362000","   83091.421000"
"Investor owned utility","Southern California Edison Company","2011","    2846.299572","   32457.297856","    4403.517176","   12360.274382","    1844.462246","   29379.180719","     484.358000","   83775.389951"
"Investor owned utility","Southern California Edison Company","2012","    3186.718270","   33421.444305","    4433.998789","   12581.164082","    1808.111393","   30563.481185","     485.095000","   86480.013024"
"Investor owned utility","Southern California Edison Company","2013","    3286.218055","   33240.994566","    4535.630480","   12384.962442","    1922.726157","   29802.512295","     485.051000","   85658.094995"
"Investor owned utility","Southern California Edison Company","2014","    3597.526677","   34118.569382","    4547.634372","   12648.483763","    1992.492615","   30027.143252","     486.564000","   87418.414061"
"Investor owned utility","Southern California Edison Company","2015","    3320.328189","   33614.821413","    4478.546114","   12638.366915","    2166.005169","   30093.444520","     544.932040","   86856.444360"
"Investor owned utility","Southern California Edison Company","2016","    3211.499266","   32630.381564","    4359.714048","   12835.956530","    2287.319233","   29579.224420","     544.061290","   85448.156351"
"Joint utility agency","Calaveras Public Power Agency","2010","       9.810874","      14.545505","       5.826657","       0.000000","       0.000000","       0.000000","       0.000000","      30.183036"
"Joint utility agency","Calaveras Public Power Agency","2011","       7.583972","      15.086275","       8.322129","       0.000000","       0.000000","       0.000000","       0.000000","      30.992376"
"Joint utility agency","Calaveras Public Power Agency","2012","       9.583891","      14.686668","       6.845947","       0.000000","       0.000000","       0.000000","       0.000000","      31.116506"
"Joint utility agency","Calaveras Public Power Agency","2013","       9.966912","      15.713354","       6.845190","       0.000000","       0.000000","       0.000000","       0.000000","      32.525456"
"Joint utility agency","Calaveras Public Power Agency","2014","       9.016966","      16.704989","       6.202709","       0.000000","       0.000000","       0.000000","       0.000000","      31.924664"
"Joint utility agency","Calaveras Public Power Agency","2015","       8.113060","      16.549568","       5.771428","       0.000000","       0.000000","       0.000000","       0.000000","      30.434056"
"Joint utility agency","Calaveras Public Power Agency","2016","       9.435424","      18.062021","       6.477008","       0.000000","       0.000000","       0.000000","       0.000000","      33.974453"
"Joint utility agency","Tuolumne County Public Power Agency","2010","       0.000000","      18.155379","       6.523621","       0.000000","       0.000000","       0.000000","       0.000000","      24.679000"
"Joint utility agency","Tuolumne County Public Power Agency","2011","       0.000000","      18.313310","       6.527690","       0.000000","       0.000000","       0.000000","       0.000000","      24.841000"
"Joint utility agency","Tuolumne County Public Power Agency","2012","       0.000000","      18.082680","       6.569490","       0.000000","       0.000000","       0.000000","       0.000000","      24.652170"
"Joint utility agency","Tuolumne County Public Power Agency","2013","       0.000000","      18.177957","       6.782376","       0.000000","       0.000000","       0.000000","       0.000000","      24.960333"
"Joint utility agency","Tuolumne County Public Power Agency","2014","       0.000000","      17.149365","       5.890631","       0.000000","       0.055760","       0.000000","       0.000000","      23.095756"
"Joint utility agency","Tuolumne County Public Power Agency","2015","       0.000000","      16.923355","       5.563770","       0.000000","       0.084545","       0.000000","       0.000000","      22.571670"
"Joint utility agency","Tuolumne County Public Power Agency","2016","       0.000000","      17.507134","       6.180341","       0.000000","       0.081760","       0.000000","       0.000000","      23.769235"
"Publicly owned utility","Alameda Municipal Power","2010","       0.013890","     192.446569","      33.125949","      11.568413","       6.556178","     139.409000","       2.179374","     385.299373"
"Publicly owned utility","Alameda Municipal Power","2011","       0.009703","     184.836725","      34.820837","      14.080865","       6.582869","     142.306000","       2.179374","     384.816373"
"Publicly owned utility","Alameda Municipal Power","2012","       0.326788","     175.734294","      34.374775","      15.632487","       5.833187","     139.665000","       2.220468","     373.786999"
"Publicly owned utility","Alameda Municipal Power","2013","       0.380018","     170.451440","      32.709176","      15.713930","       6.125700","     135.924000","       2.139735","     363.443999"
"Publicly owned utility","Alameda Municipal Power","2014","       0.404096","     167.057905","      29.164184","      15.339797","       6.349605","     127.528000","       2.160414","     348.004001"
"Publicly owned utility","Alameda Municipal Power","2015","       0.471473","     165.896792","      30.088022","      16.198314","       6.545757","     126.691000","       1.836642","     347.728000"
"Publicly owned utility","Alameda Municipal Power","2016","       0.446035","     184.334465","      33.394508","      19.987071","       7.407221","     124.441623","       2.071447","     372.082370"
"Publicly owned utility","Anaheim, City of","2010","       0.385478","    1205.342575","     153.847851","     383.745999","      50.319281","     573.506680","       1.096253","    2368.244117"
"Publicly owned utility","Anaheim, City of","2011","       0.407638","    1203.470734","     150.224775","     386.846956","      50.184738","     585.248244","       1.096253","    2377.479338"
"Publicly owned utility","Anaheim, City of","2012","       0.414319","    1242.767362","     156.235788","     378.636210","      53.533930","     604.605015","       1.096253","    2437.288877"
"Publicly owned utility","Anaheim, City of","2013","       0.437342","    1220.047036","     152.007352","     365.766574","      58.023026","     584.317215","       1.096253","    2381.694798"
"Publicly owned utility","Anaheim, City of","2014","       0.673726","    1200.147649","      91.741359","     333.650021","      64.917512","     580.408349","       1.096253","    2272.634869"
"Publicly owned utility","Anaheim, City of","2015","      16.990561","    1264.915339","      81.580531","     371.463857","      71.589387","     609.578272","       0.912191","    2417.030138"
"Publicly owned utility","Anaheim, City of","2016","      33.967903","    1240.242290","      68.659213","     359.065528","      66.052454","     587.458477","       0.831307","    2356.277172"
"Publicly owned utility","Azusa Light and Water","2010","       7.933566","      79.733404","      10.470262","      67.653137","       1.875025","      77.828000","       0.122607","     245.616001"
"Publicly owned utility","Azusa Light and Water","2011","       8.239378","      81.300873","      11.425931","      61.390115","       1.728821","      74.534000","       0.108882","     238.728000"
"Publicly owned utility","Azusa Light and Water","2012","       7.772083","      80.295970","      14.342457","      55.887648","       1.771863","      76.356000","       0.100980","     236.527001"
"Publicly owned utility","Azusa Light and Water","2013","       5.693395","      81.879373","      16.851957","      59.521821","       1.780247","      81.590000","       0.106207","     247.423000"
"Publicly owned utility","Azusa Light and Water","2014","       2.932023","      87.183953","      20.838695","      56.570734","       3.570834","      79.069000","       0.114761","     250.280000"
"Publicly owned utility","Azusa Light and Water","2015","       2.327701","      86.418056","      22.141618","      53.906270","       4.625678","      84.173773","       0.102680","     253.695776"
"Publicly owned utility","Azusa Light and Water","2016","       2.553104","      85.087072","      20.876115","      51.442947","       7.273261","      84.711094","       0.442934","     252.386527"
"Publicly owned utility","Banning, City of","2010","      11.098402","      47.116862","       3.667951","       9.704760","       0.125100","      59.850762","       1.478163","     133.042000"
"Publicly owned utility","Banning, City of","2011","      11.058444","      46.947224","       3.654745","       9.669819","       0.124649","      59.635277","       1.472841","     132.562999"
"Publicly owned utility","Banning, City of","2012","      11.629205","      49.370321","       3.843379","      10.168909","       0.131083","      62.713244","       1.548859","     139.405000"
"Publicly owned utility","Banning, City of","2013","      11.513418","      48.878760","       3.805112","      10.067662","       0.129778","      62.088834","       1.533438","     138.017002"
"Publicly owned utility","Banning, City of","2014","      11.970895","      50.820920","       3.956305","      10.467692","       0.134934","      64.555886","       1.594368","     143.501000"
"Publicly owned utility","Banning, City of","2015","      15.550033","      54.104415","       3.277766","       4.534572","       0.079534","      63.485088","       1.674456","     142.705864"
"Publicly owned utility","Banning, City of","2016","      12.029194","      44.153963","       2.852769","       3.678268","       0.085290","      62.653544","       1.539493","     126.992521"
"Publicly owned utility","Biggs Municipal Utilities","2010","       0.000000","       0.836115","       0.000000","      10.975885","       0.000000","       4.425000","       0.000000","      16.237000"
"Publicly owned utility","Biggs Municipal Utilities","2011","       0.000000","       0.903515","       0.000000","      12.175485","       0.000000","       4.371000","       0.000000","      17.450000"
"Publicly owned utility","Biggs Municipal Utilities","2012","       0.000000","       0.974438","       0.000000","      11.330466","       0.000000","       4.402578","       0.000000","      16.707482"
"Publicly owned utility","Biggs Municipal Utilities","2013","       0.000000","       0.966566","       0.000000","      11.448337","       0.000000","       4.464459","       0.000000","      16.879362"
"Publicly owned utility","Biggs Municipal Utilities","2014","       0.000000","       1.047762","       0.000000","       9.996224","       0.000000","       4.537992","       0.000000","      15.581978"
"Publicly owned utility","Biggs Municipal Utilities","2015","       0.000000","       1.054740","       0.000000","       9.143913","       0.000000","       4.831640","       0.000000","      15.030293"
"Publicly owned utility","Biggs Municipal Utilities","2016","       0.000000","       1.054305","       0.000000","      10.483207","       0.000000","       4.711378","       0.000000","      16.248890"
"Publicly owned utility","Burbank Water and Power","2010","       7.730008","     569.941525","     179.872461","      63.065011","       4.390996","     277.000000","      10.000000","    1112.000001"
"Publicly owned utility","Burbank Water and Power","2011","      11.909999","     575.863812","     169.991224","      63.301388","       3.806748","     257.406354","      10.000000","    1092.279525"
"Publicly owned utility","Burbank Water and Power","2012","      11.954918","     617.328080","     176.285499","      50.445407","       3.784813","     272.802985","      10.000000","    1142.601702"
"Publicly owned utility","Burbank Water and Power","2013","       7.897815","     591.585004","     136.564211","      44.951327","       3.395448","     261.000000","      10.000000","    1055.393805"
"Publicly owned utility","Burbank Water and Power","2014","       9.546906","     594.264561","     134.556961","      40.394486","       3.237087","     272.000000","      10.000000","    1064.000001"
"Publicly owned utility","Burbank Water and Power","2015","      11.286367","     585.809451","     135.923471","      39.845260","       3.135452","     273.000000","      10.000000","    1059.000001"
"Publicly owned utility","Burbank Water and Power","2016","      11.656241","     578.324236","     141.588736","      41.096434","       3.334353","     262.000000","       9.000000","    1047.000000"
"Publicly owned utility","Colton Public Utilities","2010","      13.620145","     116.479592","      19.165464","      97.257509","       0.368830","      92.610000","       0.039460","     339.541000"
"Publicly owned utility","Colton Public Utilities","2011","      10.454978","     137.987822","      18.353050","      81.951250","       1.414422","      89.825000","       0.029478","     340.016000"
"Publicly owned utility","Colton Public Utilities","2012","      11.245390","     148.987721","      17.828442","      70.373680","       2.164038","      98.002000","       0.024728","     348.625999"
"Publicly owned utility","Colton Public Utilities","2013","      10.450304","     154.696016","      18.477148","      65.861188","       2.236271","      96.063000","       0.025072","     347.808999"
"Publicly owned utility","Colton Public Utilities","2014","       8.332835","     152.778041","      17.797047","      69.402761","       2.204326","      98.058000","       0.023989","     348.596999"
"Publicly owned utility","Colton Public Utilities","2015","       5.683392","     159.688838","      16.835350","      70.453845","       2.715622","     100.997999","       0.024471","     356.399517"
"Publicly owned utility","Colton Public Utilities","2016","       6.200783","     161.362983","      17.692424","      66.121571","       2.339900","      97.785064","       0.024884","     351.527609"
"Publicly owned utility","Corona, City of","2010","       4.432956","      80.586906","      26.784659","       7.430467","      27.546012","       2.783000","       0.000000","     149.564000"
"Publicly owned utility","Corona, City of","2011","       4.500301","      78.616013","      25.803691","       7.290816","      23.370179","       2.938000","       0.000000","     142.519000"
"Publicly owned utility","Corona, City of","2012","       2.551023","      81.496179","      19.561773","       8.229158","      25.769867","       3.286000","       0.000000","     140.894000"
"Publicly owned utility","Corona, City of","2013","       4.325855","      77.129752","      27.474738","       7.371980","      22.341674","       3.177000","       0.000000","     141.820999"
"Publicly owned utility","Corona, City of","2014","       4.542278","      81.757465","      25.488419","       7.872715","      22.055123","       3.909000","       0.000000","     145.625000"
"Publicly owned utility","Corona, City of","2015","       2.491672","      39.671341","      13.876218","       3.776635","      14.414865","       5.229536","       0.000000","      79.460267"
"Publicly owned utility","Corona, City of","2016","       9.458293","      49.381875","      26.125199","      24.593048","      14.925137","       5.679854","       0.130801","     130.294207"
"Publicly owned utility","Department of Water Resources","2010","    7566.381781","       0.000000","       0.000000","       0.000000","       0.000000","       0.000000","       0.000000","    7566.381781"
"Publicly owned utility","Department of Water Resources","2011","    8949.462313","       0.000000","       0.000000","       0.000000","       0.000000","       0.000000","       0.000000","    8949.462313"
"Publicly owned utility","Department of Water Resources","2012","    7691.202607","       0.000000","       0.000000","       0.000000","       0.000000","       0.000000","       0.000000","    7691.202607"
"Publicly owned utility","Department of Water Resources","2013","    5922.748372","       0.000000","       0.000000","       0.000000","       0.000000","       0.000000","       0.000000","    5922.748372"
"Publicly owned utility","Department of Water Resources","2014","    2946.148329","       0.000000","       0.000000","       0.000000","       0.000000","       0.000000","       0.000000","    2946.148329"
"Publicly owned utility","Department of Water Resources","2015","    3589.012431","       0.000000","       0.000000","       0.000000","       0.000000","       0.000000","       0.000000","    3589.012431"
"Publicly owned utility","Department of Water Resources","2016","    6867.919382","       0.000000","       0.000000","       0.000000","       0.000000","       0.000000","       0.000000","    6867.919382"
"Publicly owned utility","Escondido, City of","2011","       0.000000","       0.000000","       0.000000","       0.000000","       0.000000","       0.006000","       0.000000","       0.006000"
"Publicly owned utility","Glendale Water & Power","2010","       3.374972","     601.937781","      19.655702","      50.764070","      25.267475","     366.000000","       9.000000","    1076.000000"
"Publicly owned utility","Glendale Water & Power","2011","       2.403985","     609.529268","      14.690041","      54.741869","      23.634837","     371.000000","       9.000000","    1085.000000"
"Publicly owned utility","Glendale Water & Power","2012","       0.879383","     612.373326","      15.006559","      61.059589","      25.681143","     385.000000","       9.000000","    1109.000000"
"Publicly owned utility","Glendale Water & Power","2013","       0.782412","     596.787094","      16.183179","      61.436492","      25.810823","     391.500000","       9.000000","    1101.500000"
"Publicly owned utility","Glendale Water & Power","2014","       0.724390","     597.579049","      15.372776","      64.225971","      26.097814","     399.000000","       9.000000","    1112.000000"
"Publicly owned utility","Glendale Water & Power","2015","       0.673817","     604.292922","      15.328474","      61.109302","      19.265704","     382.076372","       9.168541","    1091.915132"
"Publicly owned utility","Glendale Water & Power","2016","       0.703474","     588.545287","      16.589530","      62.835940","      16.785212","     370.768635","       9.284932","    1065.513010"
"Publicly owned utility","Gridley, City of","2010","       0.000000","      14.231644","       0.558350","       3.266198","       0.012808","      14.905000","       0.000000","      32.974000"
"Publicly owned utility","Gridley, City of","2011","       0.000000","      14.430431","       0.587549","       3.296822","       0.020198","      14.903000","       0.000000","      33.238000"
"Publicly owned utility","Gridley, City of","2012","       0.000000","      14.889454","       0.570169","       3.919823","       0.030198","      15.473164","       0.000000","      34.882808"
"Publicly owned utility","Gridley, City of","2013","       0.000000","      15.264696","       0.560536","       4.006722","       0.033783","      15.530780","       0.000000","      35.396517"
"Publicly owned utility","Gridley, City of","2014","       0.000000","      15.454426","       0.593479","       3.695296","       0.042620","      15.538119","       0.000000","      35.323940"
"Publicly owned utility","Gridley, City of","2015","       0.000000","      14.469491","       0.591192","       3.511100","       0.038057","      15.382891","       0.000000","      33.992731"
"Publicly owned utility","Gridley, City of","2016","       0.000000","      14.152692","       0.588638","       3.885204","       0.040438","      15.489853","       0.000000","      34.156825"
"Publicly owned utility","Healdsburg, City of, Electric Department","2010","       0.205792","      34.639514","       4.396856","       6.453083","       1.348308","      26.995000","       0.170447","      74.209000"
"Publicly owned utility","Healdsburg, City of, Electric Department","2011","       0.957745","      34.480172","       4.194076","       6.215195","       1.275608","      27.834000","       0.171203","      75.127999"
"Publicly owned utility","Healdsburg, City of, Electric Department","2012","       1.124970","      33.847365","       3.535842","       6.894249","       1.365054","      27.305000","       0.036521","      74.109001"
"Publicly owned utility","Healdsburg, City of, Electric Department","2013","       1.131918","      33.677316","       3.616748","       7.827918","       1.222265","      27.481000","       0.002835","      74.960000"
"Publicly owned utility","Healdsburg, City of, Electric Department","2014","       0.740087","      34.029770","       3.633373","       7.558509","       1.096649","      26.761000","       0.003612","      73.823000"
"Publicly owned utility","Healdsburg, City of, Electric Department","2015","       0.775237","      35.194176","       4.078019","       7.644803","       1.176991","      26.581922","       0.002708","      75.453856"
"Publicly owned utility","Healdsburg, City of, Electric Department","2016","       0.802403","      35.225774","       4.170127","       7.544458","       1.209040","      26.364088","       0.002263","      75.318153"
"Publicly owned utility","Hercules Municipal Utility","2010","       0.008427","       4.099047","       3.544960","       4.265817","       0.065895","       4.064340","       0.000050","      16.048536"
"Publicly owned utility","Hercules Municipal Utility","2011","       0.010844","       3.966394","       3.457584","       4.189477","       0.061017","       4.158231","       0.000050","      15.843597"
"Publicly owned utility","Hercules Municipal Utility","2012","       0.000244","       3.986508","       3.906571","       4.199869","       0.058760","       3.883000","       0.000048","      16.035000"
"Publicly owned utility","Hercules Municipal Utility","2013","       0.000276","       3.553870","       3.469620","       4.353665","       0.061519","       3.881000","       0.000051","      15.320001"
"Publicly owned utility","Hercules Municipal Utility","2014","       0.000189","       2.590453","       2.709841","       3.243341","       0.048145","       2.918000","       0.000031","      11.510000"
"Publicly owned utility","Imperial Irrigation District","2010","     265.481005","    1117.164351","     180.444277","     185.861726","      66.048642","    1390.000000","      12.000000","    3217.000001"
"Publicly owned utility","Imperial Irrigation District","2011","     281.008529","    1121.268647","     185.129811","     190.104882","      68.488132","    1428.000000","      12.000000","    3286.000001"
"Publicly owned utility","Imperial Irrigation District","2012","     271.533775","    1143.200423","     186.675848","     190.759040","      68.830914","    1514.000000","      12.000000","    3387.000000"
"Publicly owned utility","Imperial Irrigation District","2013","     267.029946","    1128.417870","     183.238117","     191.837386","      66.476680","    1502.000000","      12.000000","    3350.999999"
"Publicly owned utility","Imperial Irrigation District","2014","     280.988836","    1175.790007","     183.705128","     145.601753","      68.914275","    1526.000000","      12.000000","    3392.999999"
"Publicly owned utility","Imperial Irrigation District","2015","     275.544056","    1174.708451","     182.105424","     113.025304","      72.616764","    1519.000000","      12.000000","    3348.999999"
"Publicly owned utility","Imperial Irrigation District","2016","     279.665386","    1176.046416","     179.507536","     123.583814","      73.196848","    1541.000000","      12.000000","    3385.000000"
"Publicly owned utility","Lassen Municipal Utility District","2010","       4.131576","      52.756178","       0.000000","       0.000000","       0.000000","      73.964000","       0.445246","     131.297000"
"Publicly owned utility","Lassen Municipal Utility District","2011","       4.235360","      50.591547","       0.000000","       0.000000","       0.000000","      73.619000","       0.434093","     128.880000"
"Publicly owned utility","Lassen Municipal Utility District","2012","       7.009893","      50.761074","       0.000000","       0.000000","       0.000000","      72.867000","       0.432032","     131.069999"
"Publicly owned utility","Lassen Municipal Utility District","2013","       7.056650","      50.878396","       0.000000","       0.000000","       0.000000","      73.956000","       0.435955","     132.327001"
"Publicly owned utility","Lassen Municipal Utility District","2014","       9.353283","      50.669497","       0.000000","       0.000000","       0.000000","      70.079000","       0.436220","     130.538000"
"Publicly owned utility","Lassen Municipal Utility District","2015","       8.834841","      48.576331","       0.000000","       0.000000","       0.000000","      67.884456","       0.427614","     125.723242"
"Publicly owned utility","Lassen Municipal Utility District","2016","      19.153198","      67.112203","       0.000000","       0.000000","       0.000000","      69.982334","       0.427773","     156.675508"
"Publicly owned utility","Lathrop Irrigation District","2015","       0.064646","       0.565720","       0.029809","       0.000000","       0.066840","       1.435428","       0.000000","       2.162443"
"Publicly owned utility","Lathrop Irrigation District","2016","       0.046072","       0.787360","       0.042118","       0.000000","       0.073604","       3.043253","       0.000000","       3.992407"
"Publicly owned utility","Lodi Electric Utility","2010","       5.095790","     144.931546","      11.243573","     106.671883","      15.237272","     150.812000","       0.029937","     434.022001"
"Publicly owned utility","Lodi Electric Utility","2011","       5.063467","     138.900731","      11.378093","     105.437723","      16.067245","     144.257000","       0.026741","     421.131000"
"Publicly owned utility","Lodi Electric Utility","2012","       5.355466","     148.326282","      11.518594","     100.706360","      17.617264","     152.614000","       0.016034","     436.154000"
"Publicly owned utility","Lodi Electric Utility","2013","       4.052210","     149.713725","      12.057604","     102.776607","      18.134800","     149.613000","       0.013054","     436.361000"
"Publicly owned utility","Lodi Electric Utility","2014","       4.277709","     155.212986","      11.321496","     102.764619","      19.230690","     152.064000","       0.013500","     444.885000"
"Publicly owned utility","Lodi Electric Utility","2015","       2.993518","     158.559591","      12.352743","      99.607485","      19.446679","     148.852659","       0.014623","     441.827298"
"Publicly owned utility","Lodi Electric Utility","2016","       2.930497","     155.614629","      11.845406","      91.546219","      15.957682","     147.328587","       0.013906","     425.236926"
"Publicly owned utility","Lompoc, City of, Electric Division","2010","       5.063916","      51.429031","       9.143291","       6.667587","       2.332404","      58.563000","       0.057771","     133.257000"
"Publicly owned utility","Lompoc, City of, Electric Division","2011","       3.672063","      49.380047","       9.225406","       6.111495","       3.383218","      57.487000","       0.057771","     129.317000"
"Publicly owned utility","Lompoc, City of, Electric Division","2012","       3.581000","      50.643527","       9.587553","       6.279622","       1.837527","      56.398000","       0.057771","     128.385000"
"Publicly owned utility","Lompoc, City of, Electric Division","2013","       3.617715","      56.179831","       7.994712","       6.738840","       0.519132","      55.028000","       0.057771","     130.136001"
"Publicly owned utility","Lompoc, City of, Electric Division","2014","       3.988225","      54.639453","       9.917203","      10.221050","       0.596297","      53.883000","       0.057771","     133.302999"
"Publicly owned utility","Lompoc, City of, Electric Division","2015","       3.861861","      49.920905","       8.979285","      10.026313","       0.539264","      57.050787","       0.057771","     130.436186"
"Publicly owned utility","Lompoc, City of, Electric Division","2016","       3.979407","      45.350765","       9.138019","      10.164796","       0.562723","      59.512299","       0.000000","     128.708009"
"Publicly owned utility","Los Angeles Department of Water and Power","2010","      37.374030","   10285.872175","    1892.231607","    2239.033375","     197.925396","    8040.031055","     245.477084","   22937.944722"
"Publicly owned utility","Los Angeles Department of Water and Power","2011","      52.365438","   10297.415099","    1902.907356","    2272.613418","     191.337270","    8218.369876","     217.398720","   23152.407177"
"Publicly owned utility","Los Angeles Department of Water and Power","2012","     147.123882","   10663.393307","    1705.744195","    2215.104797","     230.816659","    8453.179080","     185.530643","   23600.892563"
"Publicly owned utility","Los Angeles Department of Water and Power","2013","      96.332531","   10075.795675","    1403.405558","    2426.166897","     278.904008","    8226.693773","     138.010000","   22645.308442"
"Publicly owned utility","Los Angeles Department of Water and Power","2014","      36.018557","   11460.465851","    1074.813619","    2309.057020","     251.212721","    8178.563674","     144.810000","   23454.941442"
"Publicly owned utility","Los Angeles Department of Water and Power","2015","      41.127782","   11417.990885","    1014.088939","    2263.562399","     194.793691","    8274.631027","     130.001988","   23336.196711"
"Publicly owned utility","Los Angeles Department of Water and Power","2016","      29.105036","   11626.864224","     948.439960","    2317.648349","     213.699771","    8230.370616","     128.674058","   23494.802014"
"Publicly owned utility","Merced Irrigation District","2010","       9.007124","     163.642764","       6.791711","     190.801067","       6.088725","      48.072000","       1.540610","     425.944001"
"Publicly owned utility","Merced Irrigation District","2011","       7.857518","     168.213346","       5.914225","     205.126937","       2.480229","      50.985000","       1.509744","     442.086999"
"Publicly owned utility","Merced Irrigation District","2012","       5.909171","     178.171006","       6.031340","     199.391171","       1.920976","      54.865000","       1.547336","     447.836000"
"Publicly owned utility","Merced Irrigation District","2013","       3.011235","     190.291162","       6.695165","     199.804041","       1.833012","      55.108000","       1.313385","     458.056000"
"Publicly owned utility","Merced Irrigation District","2014","       3.514155","     209.503006","       7.017556","     227.375954","       1.708214","      63.709352","       1.230635","     514.058872"
"Publicly owned utility","Merced Irrigation District","2015","       3.513703","     190.694237","       4.787041","     207.070857","       1.588504","      55.764516","       1.139644","     464.558502"
"Publicly owned utility","Merced Irrigation District","2016","       4.534907","     185.431843","       5.271270","     205.982984","       1.593424","      55.761094","       1.137648","     459.713170"
"Publicly owned utility","Metropolitan Water District of Southern California","2010","    2190.121852","       0.000000","       0.000000","       0.000000","       0.000000","       0.000000","       0.000000","    2190.121852"
"Publicly owned utility","Metropolitan Water District of Southern California","2011","    1366.326118","       0.000000","       0.000000","       0.000000","       0.000000","       0.000000","       0.000000","    1366.326118"
"Publicly owned utility","Metropolitan Water District of Southern California","2012","    1435.908752","       0.000000","       0.000000","       0.000000","       0.000000","       0.000000","       0.000000","    1435.908752"
"Publicly owned utility","Metropolitan Water District of Southern California","2013","    1985.457989","       0.000000","       0.000000","       0.000000","       0.000000","       0.000000","       0.000000","    1985.457989"
"Publicly owned utility","Metropolitan Water District of Southern California","2014","    2349.375239","       0.000000","       0.000000","       0.000000","       0.000000","       0.000000","       0.000000","    2349.375239"
"Publicly owned utility","Metropolitan Water District of Southern California","2015","    2354.124298","       0.000000","       0.000000","       0.000000","       0.000000","       0.000000","       0.000000","    2354.124298"
"Publicly owned utility","Metropolitan Water District of Southern California","2016","    1964.743774","       0.000000","       0.000000","       0.000000","       0.000000","       0.000000","       0.000000","    1964.743774"
"Publicly owned utility","Modesto Irrigation District","2010","     134.977942","     725.759327","      53.912362","     622.460784","      23.889585","     848.000000","      17.000000","    2426.000000"
"Publicly owned utility","Modesto Irrigation District","2011","     125.042631","     731.507774","      53.509819","     631.678091","      26.261685","     858.000000","      16.000000","    2442.000000"
"Publicly owned utility","Modesto Irrigation District","2012","     100.703618","     758.368466","      54.412529","     686.767341","      26.748046","     865.000000","      16.000000","    2508.000000"
"Publicly owned utility","Modesto Irrigation District","2013","     101.433699","     752.161426","      52.801410","     690.457057","      33.146408","     863.000000","      15.000000","    2508.000000"
"Publicly owned utility","Modesto Irrigation District","2014","     105.301563","     734.069740","      58.069706","     684.318728","      38.240263","     869.000000","      15.000000","    2504.000000"
"Publicly owned utility","Modesto Irrigation District","2015","     103.661654","     716.879843","      56.127186","     687.083236","      41.248081","     857.000000","      14.000000","    2476.000000"
"Publicly owned utility","Modesto Irrigation District","2016","      94.882354","     731.901947","      53.774461","     715.583019","      42.858220","     851.000000","      12.000000","    2502.000001"
"Publicly owned utility","Moreno Valley Utilities","2010","       0.055553","      57.461252","       0.251017","       2.552347","       0.620341","      33.397000","       1.126490","      95.464000"
"Publicly owned utility","Moreno Valley Utilities","2011","       0.055979","      61.868508","       0.271282","       9.712336","       0.693277","      32.452000","       1.218617","     106.271999"
"Publicly owned utility","Moreno Valley Utilities","2012","       0.075890","      65.012779","       0.291419","      16.445956","       1.003777","      37.713000","       1.123178","     121.665999"
"Publicly owned utility","Moreno Valley Utilities","2013","       0.077382","      66.154355","       0.334982","      15.968152","       2.260365","      36.548000","       1.274764","     122.618000"
"Publicly owned utility","Moreno Valley Utilities","2014","       0.068898","      74.777437","       0.350754","      16.945808","      18.674525","      37.619000","       1.392577","     149.828999"
"Publicly owned utility","Moreno Valley Utilities","2015","       0.179012","      88.225553","       0.696832","      17.900177","      33.768519","      34.819037","       1.456368","     177.045498"
"Publicly owned utility","Moreno Valley Utilities","2016","       0.319041","      87.080935","       1.271083","      23.199000","      34.474000","      35.108982","       0.544000","     181.997041"
"Publicly owned utility","Needles, City of","2010","       1.146524","      24.228173","       3.292552","       0.029713","       0.397038","      26.069000","       2.800000","      57.963000"
"Publicly owned utility","Needles, City of","2011","       0.439063","      28.199568","       3.756597","       0.021786","       0.307985","      22.351000","       2.800000","      57.875999"
"Publicly owned utility","Needles, City of","2012","       1.000311","      24.922233","       3.472646","       0.017011","       0.260087","      25.580000","       2.800000","      58.052288"
"Publicly owned utility","Needles, City of","2013","       0.885247","      23.707696","       9.967451","       0.021266","       0.224200","      25.580000","       2.800000","      63.185860"
"Publicly owned utility","Needles, City of","2014","       0.261274","      36.462125","       9.165939","       0.013528","       0.276141","      25.580000","       2.800000","      74.559007"
"Publicly owned utility","Needles, City of","2015","       0.260997","      24.664486","       4.089422","       0.012057","       0.233936","      25.580000","       2.800000","      57.640898"
"Publicly owned utility","Needles, City of","2016","       0.431326","      24.494908","       4.057719","       0.011662","       0.211531","       5.072967","       1.570625","      35.850738"
"Publicly owned utility","Palo Alto, City of, Utilities Department","2010","       4.999407","     606.004842","      17.469895","     139.384609","      17.071537","     161.470000","       3.376710","     949.777000"
"Publicly owned utility","Palo Alto, City of, Utilities Department","2011","       4.320332","     579.589246","      18.496533","     167.225820","      16.080888","     160.464000","       3.295181","     949.472000"
"Publicly owned utility","Palo Alto, City of, Utilities Department","2012","       3.718678","     558.115012","      24.837783","     172.973300","      14.258576","     157.905000","       3.213652","     935.022001"
"Publicly owned utility","Palo Alto, City of, Utilities Department","2013","       4.174558","     594.457652","      34.249796","     146.413259","      12.972612","     157.835000","       3.132123","     953.235000"
"Publicly owned utility","Palo Alto, City of, Utilities Department","2014","       2.814728","     555.953356","      26.094468","     199.935731","      16.011123","     149.525000","       3.050594","     953.385000"
"Publicly owned utility","Palo Alto, City of, Utilities Department","2015","       2.287262","     546.157038","      26.803491","     192.432339","      15.249235","     147.427000","       2.565636","     932.922001"
"Publicly owned utility","Palo Alto, City of, Utilities Department","2016","       2.203462","     552.785276","      26.396179","     182.634064","      11.134937","     139.652893","       0.000000","     914.806811"
"Publicly owned utility","Pasadena Water and Power","2010","      19.198054","     750.084768","      38.352412","      27.256615","       4.860151","     328.320000","      16.272000","    1184.344000"
"Publicly owned utility","Pasadena Water and Power","2011","      17.700020","     734.330116","      40.368987","      27.439853","       4.161024","     320.000000","      15.828000","    1159.828000"
"Publicly owned utility","Pasadena Water and Power","2012","      16.062910","     699.299988","      35.992457","      26.393879","       4.250766","     316.000000","      16.113000","    1114.113000"
"Publicly owned utility","Pasadena Water and Power","2013","      17.307230","     711.758354","      33.237075","      27.321899","       4.091443","     334.179000","      15.683000","    1143.578001"
"Publicly owned utility","Pasadena Water and Power","2014","      15.785078","     726.515177","      29.235682","      20.700471","       4.263593","     316.631000","      13.678000","    1126.809001"
"Publicly owned utility","Pasadena Water and Power","2015","      15.190782","     701.002552","      28.917753","      19.402544","       4.221369","     324.656000","      13.423000","    1106.814000"
"Publicly owned utility","Pasadena Water and Power","2016","      14.911039","     693.729377","      27.349890","      15.337521","       4.182173","     326.023000","      13.384000","    1094.917000"
"Publicly owned utility","Pittsburg, City of (dba Island Energy on Mare Island)","2011","       0.000000","       0.000000","       0.000000","       0.000000","       0.000000","       1.580052","       0.187038","       1.767090"
"Publicly owned utility","Pittsburg, City of (dba Island Energy on Mare Island)","2012","       0.000843","       9.787524","       1.194097","       3.823440","       0.533439","       1.594000","       0.218544","      17.151887"
"Publicly owned utility","Pittsburg, City of (dba Island Energy on Mare Island)","2013","       0.000822","       9.409667","       1.265873","       4.797549","       0.311088","       1.648000","       0.219012","      17.652011"
"Publicly owned utility","Pittsburg, City of (dba Island Energy on Mare Island)","2014","       0.000063","      10.427016","       1.115509","       6.498928","       0.310484","       1.712000","       0.273634","      20.337634"
"Publicly owned utility","Pittsburg, City of (dba Island Energy on Mare Island)","2015","       0.000065","      10.860954","       1.358475","      10.261367","       0.450666","       1.847905","       0.343759","      25.123191"
"Publicly owned utility","Pittsburg, City of (dba Island Energy on Mare Island)","2016","       0.000069","      10.463347","       1.281308","       6.739430","       0.520736","       1.870547","       0.152782","      21.028219"
"Publicly owned utility","Port of Oakland","2010","       0.000000","       8.577570","      32.070038","       4.514773","       0.000000","       0.000000","       0.000000","      45.162381"
"Publicly owned utility","Port of Oakland","2011","       0.000000","       9.082931","      31.511980","       4.893422","       0.000000","       0.000000","       0.000000","      45.488333"
"Publicly owned utility","Port of Oakland","2012","       0.000000","       9.131103","      33.089577","       5.060264","       0.000000","       0.000000","       0.000000","      47.280944"
"Publicly owned utility","Port of Oakland","2013","       0.000000","       9.422094","      31.858990","       4.693805","       0.000000","       0.000000","       0.000000","      45.974889"
"Publicly owned utility","Port of Oakland","2014","       0.000000","       9.036068","      34.847135","       4.032109","       0.000000","       0.000000","       0.000000","      47.915312"
"Publicly owned utility","Port of Oakland","2015","       0.000000","       9.756203","      35.225813","       4.374111","       0.000000","       0.000000","       0.000000","      49.356127"
"Publicly owned utility","Port of Oakland","2016","       0.000000","       9.638645","      35.447607","       4.303408","       0.000000","       0.000000","       0.000000","      49.389660"
"Publicly owned utility","Port of Stockton","2010","       0.092200","       6.745369","       3.561056","       1.865513","       0.010128","       0.000000","       0.000000","      12.274266"
"Publicly owned utility","Port of Stockton","2011","       0.002800","       7.243874","       4.389498","       2.106518","       0.063967","       0.000000","       0.000000","      13.806657"
"Publicly owned utility","Port of Stockton","2012","       0.001000","      10.149433","       4.658170","       2.122322","       0.021117","       0.000000","       0.000000","      16.952042"
"Publicly owned utility","Port of Stockton","2013","       0.002130","      11.346442","       5.107919","       2.614961","       0.091182","       0.000000","       0.000000","      19.162634"
"Publicly owned utility","Port of Stockton","2014","       0.006809","      11.459400","       3.951425","       3.801148","       0.137032","       0.000000","       0.000000","      19.355814"
"Publicly owned utility","Port of Stockton","2015","       0.006972","      10.782917","       4.068473","       4.125657","       0.588673","       0.000000","       0.000000","      19.572692"
"Publicly owned utility","Port of Stockton","2016","       0.001425","       9.668995","       4.050416","       6.112224","       0.776709","       0.000000","       0.000000","      20.609769"
"Publicly owned utility","Power Enterprise of the San Francisco Public Utilities Commission","2010","      45.287510","     333.015642","     536.205420","      13.537258","       3.213211","      22.320026","      29.600958","     983.180025"
"Publicly owned utility","Power Enterprise of the San Francisco Public Utilities Commission","2011","      56.060275","     326.666447","     537.578208","      16.577075","       1.819377","      22.646987","      28.035618","     989.383987"
"Publicly owned utility","Power Enterprise of the San Francisco Public Utilities Commission","2012","      63.771527","     332.738701","     521.379723","      17.340633","       3.909549","      22.003052","      27.357868","     988.501053"
"Publicly owned utility","Power Enterprise of the San Francisco Public Utilities Commission","2013","      59.301454","     344.509846","     515.080158","      20.986453","       9.151275","      20.366988","      27.105814","     996.501988"
"Publicly owned utility","Power Enterprise of the San Francisco Public Utilities Commission","2014","      50.553513","     352.263380","     523.114066","      26.195273","      13.110306","      19.003410","      27.684816","    1011.924764"
"Publicly owned utility","Power Enterprise of the San Francisco Public Utilities Commission","2015","      48.633067","     367.391183","     532.808637","      35.749244","      14.809841","      19.391194","      28.066619","    1046.849785"
"Publicly owned utility","Power Enterprise of the San Francisco Public Utilities Commission","2016","      41.140063","     363.791018","     498.656744","      17.394335","      13.215846","      19.284230","      27.701932","     981.184168"
"Publicly owned utility","Rancho Cucamonga Municipal Utility","2010","       0.647915","      62.464157","       0.324620","       0.054606","       0.383709","       0.000000","       0.741821","      64.616828"
"Publicly owned utility","Rancho Cucamonga Municipal Utility","2011","       0.640847","      61.816262","       0.343689","       0.016473","       0.404646","       0.009815","       0.870383","      64.102115"
"Publicly owned utility","Rancho Cucamonga Municipal Utility","2012","       0.637460","      64.309403","       0.509463","       0.036910","       0.369703","       0.000000","       0.837322","      66.700261"
"Publicly owned utility","Rancho Cucamonga Municipal Utility","2013","       0.718312","      64.928982","       0.632588","       6.474284","       0.214198","       0.000000","       0.858077","      73.826441"
"Publicly owned utility","Rancho Cucamonga Municipal Utility","2014","       0.701032","      65.604030","       0.601619","       6.025847","       0.114526","       0.159488","       0.982469","      74.189011"
"Publicly owned utility","Rancho Cucamonga Municipal Utility","2015","       0.711123","      63.879817","       0.601329","       4.276754","       0.585286","       1.666491","       1.027000","      72.747800"
"Publicly owned utility","Rancho Cucamonga Municipal Utility","2016","       0.159105","      63.838797","       0.797476","       5.169086","       0.184643","       1.751275","       1.074628","      72.975010"
"Publicly owned utility","Redding Electric Utility","2010","      15.320795","     329.598177","      28.730333","      10.148219","       3.695246","     375.236356","       3.509033","     766.238159"
"Publicly owned utility","Redding Electric Utility","2011","      13.600079","     304.085440","      27.351615","       8.656773","       3.520925","     375.653000","       3.450167","     736.317999"
"Publicly owned utility","Redding Electric Utility","2012","      13.708890","     300.236480","      27.825115","       7.884537","       4.701306","     373.421000","       3.393671","     731.170999"
"Publicly owned utility","Redding Electric Utility","2013","      14.904755","     304.466688","      27.178389","       8.175288","       3.674112","     374.186000","       3.337768","     735.923000"
"Publicly owned utility","Redding Electric Utility","2014","      14.770175","     332.759800","      30.166940","       8.617131","       3.646074","     360.170000","       3.283880","     753.414000"
"Publicly owned utility","Redding Electric Utility","2015","      13.702080","     339.495286","      28.968774","       9.498173","       3.571687","     354.821000","       3.227640","     753.284640"
"Publicly owned utility","Redding Electric Utility","2016","      12.870875","     332.798921","      30.434521","       9.937084","       3.822599","     359.987000","       0.000000","     749.851000"
"Publicly owned utility","Riverside, City of","2010","      19.119134","    1017.044700","      57.107808","     201.027694","      12.541664","     667.000000","      22.159000","    1996.000000"
"Publicly owned utility","Riverside, City of","2011","      18.500403","    1028.542171","      60.433949","     225.937074","      11.980360","     680.200000","      21.706043","    2047.300000"
"Publicly owned utility","Riverside, City of","2012","      18.603843","    1072.874707","      59.548523","     262.720379","      13.949600","     722.400000","      21.402949","    2171.500001"
"Publicly owned utility","Riverside, City of","2013","      19.508473","    1047.383033","      51.207091","     284.390626","      13.039528","     703.000000","      21.471249","    2140.000000"
"Publicly owned utility","Riverside, City of","2014","      35.822938","    1073.892159","      42.672673","     277.829990","      12.586869","     719.000000","      23.195370","    2184.999999"
"Publicly owned utility","Riverside, City of","2015","      26.371974","    1073.532967","      43.750291","     292.388774","      12.955993","     730.000000","      21.417227","    2200.417226"
"Publicly owned utility","Riverside, City of","2016","      26.739619","    1081.483418","      45.052544","     295.393693","      13.330727","     721.000000","      20.878782","    2203.878783"
"Publicly owned utility","Roseville Electric","2010","       0.763613","     505.302963","      53.254755","     178.448418","      18.277685","     421.352000","       1.866566","    1179.266000"
"Publicly owned utility","Roseville Electric","2011","       0.679981","     502.978588","      52.788225","     165.809278","      17.797053","     431.527000","       1.808875","    1173.389000"
"Publicly owned utility","Roseville Electric","2012","       0.765248","     514.034107","      53.696730","     165.202900","      17.904660","     444.345000","       1.875354","    1197.823999"
"Publicly owned utility","Roseville Electric","2013","       0.786727","     507.351601","      55.749305","     159.820333","      17.381881","     436.257000","       1.879153","    1179.226000"
"Publicly owned utility","Roseville Electric","2014","       0.948691","     510.817745","      56.066180","     168.373404","      16.000444","     440.146000","       1.785535","    1194.137999"
"Publicly owned utility","Roseville Electric","2015","       0.768460","     515.897494","      52.566268","     162.723872","      18.906907","     432.499000","       1.672362","    1185.034363"
"Publicly owned utility","Roseville Electric","2016","       0.699993","     503.426284","      52.430449","     168.545358","      17.873917","     436.013000","       1.428295","    1180.417296"
"Publicly owned utility","Sacramento Municipal Utility District","2010","     184.685067","    4175.368129","     499.865481","     831.775844","     119.379382","    4499.571506","      79.212984","   10389.858393"
"Publicly owned utility","Sacramento Municipal Utility District","2011","     189.620232","    4150.739546","     492.464247","     831.046518","     117.985621","    4600.473346","      76.692494","   10459.022004"
"Publicly owned utility","Sacramento Municipal Utility District","2012","     208.551791","    4173.062969","     497.289425","     800.782885","     117.884144","    4644.221320","      77.704482","   10519.497016"
"Publicly owned utility","Sacramento Municipal Utility District","2013","     217.596545","    4198.763579","     482.805721","     752.767739","     123.610767","    4634.939060","      70.278276","   10480.761687"
"Publicly owned utility","Sacramento Municipal Utility District","2014","     222.030916","    4243.574041","     478.999189","     769.817575","     132.623289","    4660.266573","      78.438488","   10585.750071"
"Publicly owned utility","Sacramento Municipal Utility District","2015","     222.326506","    4217.775044","     462.186153","     782.427823","     131.968703","    4642.090056","      64.990525","   10523.764810"
"Publicly owned utility","Sacramento Municipal Utility District","2016","     191.030102","    4211.534153","     457.132632","     769.027330","     134.455798","    4660.880660","      61.419005","   10485.479680"
"Publicly owned utility","Shasta Lake, City of","2010","       0.000000","      11.922463","       0.000000","     122.489537","       0.000000","      39.852000","       0.000000","     174.264000"
"Publicly owned utility","Shasta Lake, City of","2011","       0.000000","      12.601239","       0.000000","     138.625761","       0.000000","      40.088000","       0.000000","     191.315000"
"Publicly owned utility","Shasta Lake, City of","2012","       0.000000","      11.387410","       0.000000","     130.971590","       0.000000","      38.942000","       0.000000","     181.301000"
"Publicly owned utility","Shasta Lake, City of","2013","       0.000000","      11.627019","       0.000000","     138.577981","       0.000000","      37.868000","       0.000000","     188.073000"
"Publicly owned utility","Shasta Lake, City of","2014","       0.000000","      11.030159","       0.000000","     129.178639","       0.000000","      37.135906","       0.000000","     177.344704"
"Publicly owned utility","Shasta Lake, City of","2015","       0.000000","      11.149578","       0.000000","     140.197207","       0.000000","      38.225201","       0.000000","     189.571986"
"Publicly owned utility","Shasta Lake, City of","2016","       0.000000","      11.102117","       0.000000","     148.335440","       0.000000","      38.830952","       0.000000","     198.268509"
"Publicly owned utility","Silicon Valley Power","2010","       0.035830","    1397.346446","      49.277497","    1036.936292","      12.203935","     247.200000","      21.200000","    2764.200000"
"Publicly owned utility","Silicon Valley Power","2011","       0.007828","    1407.776231","      51.220926","    1084.057247","      15.037767","     242.400000","      20.400000","    2820.899999"
"Publicly owned utility","Silicon Valley Power","2012","       0.006560","    1438.759720","      52.651386","    1129.330918","      17.951415","     244.200000","      20.000000","    2902.899999"
"Publicly owned utility","Silicon Valley Power","2013","       0.013294","    1473.147996","      52.053885","    1136.680973","      24.803853","     237.400000","      21.000000","    2945.100001"
"Publicly owned utility","Silicon Valley Power","2014","       0.041636","    1525.466842","      51.386418","    1126.057924","      40.647179","     233.800000","       8.700000","    2986.099999"
"Publicly owned utility","Silicon Valley Power","2015","       0.038285","    1953.598835","      44.626990","     986.774366","      20.211606","     228.383844","       6.500000","    3240.133926"
"Publicly owned utility","Silicon Valley Power","2016","       0.033698","    2216.687935","      42.339863","     911.665314","      19.140059","     222.210597","       4.300000","    3416.377466"
"Publicly owned utility","Truckee-Donner Public Utility District","2010","       8.862594","      59.546644","       0.459155","       0.000000","       0.000000","      78.191000","       0.062139","     147.121532"
"Publicly owned utility","Truckee-Donner Public Utility District","2011","       7.909823","      60.603959","       0.465218","       0.000000","       0.000000","      80.536000","       0.062139","     149.577139"
"Publicly owned utility","Truckee-Donner Public Utility District","2012","       8.330245","      59.540695","       0.489060","       0.000000","       0.000000","      77.162000","       0.062139","     145.584139"
"Publicly owned utility","Truckee-Donner Public Utility District","2013","       8.135742","      60.268295","       0.495963","       0.000000","       0.000000","      77.989000","       0.062139","     146.951139"
"Publicly owned utility","Truckee-Donner Public Utility District","2014","       7.582218","      59.497139","       0.484643","       0.000000","       0.000000","      74.530000","       0.062139","     142.156139"
"Publicly owned utility","Truckee-Donner Public Utility District","2015","       6.450162","      58.716341","       0.471581","       0.000000","       0.000000","      74.805449","       0.062139","     140.505672"
"Publicly owned utility","Truckee-Donner Public Utility District","2016","       7.156740","      64.271980","       0.474862","       0.000000","       0.000000","      91.344055","       0.000000","     163.247637"
"Publicly owned utility","Turlock Irrigation District","2010","     253.998296","     454.174820","      91.935433","     418.326533","       8.853166","     675.876136","      12.245755","    1915.410139"
"Publicly owned utility","Turlock Irrigation District","2011","     257.484905","     460.687748","      90.003118","     420.806920","       8.885638","     693.659288","      12.149488","    1943.677105"
"Publicly owned utility","Turlock Irrigation District","2012","     297.720553","     468.145442","      98.861393","     424.116414","       8.726054","     713.915457","      11.891045","    2023.376358"
"Publicly owned utility","Turlock Irrigation District","2013","     311.261968","     489.498046","     104.054231","     413.452019","       8.964785","     716.315615","      10.219329","    2053.765993"
"Publicly owned utility","Turlock Irrigation District","2014","     314.164830","     504.250261","     105.399976","     408.185105","       7.608398","     725.523288","       9.821073","    2074.952931"
"Publicly owned utility","Turlock Irrigation District","2015","     321.787267","     507.188860","     109.334943","     415.674267","       7.925900","     706.945279","       9.691692","    2078.548208"
"Publicly owned utility","Turlock Irrigation District","2016","     284.441970","     504.881876","     110.294931","     427.276087","       7.896374","     714.966228","       9.413735","    2059.171201"
"Publicly owned utility","Ukiah, City of","2010","       0.008671","      62.867943","       2.451884","       1.301047","       0.742456","      39.256000","       0.000000","     106.628001"
"Publicly owned utility","Ukiah, City of","2011","       0.009559","      66.635692","       2.721974","       1.368543","       0.767232","      41.158000","       0.000000","     112.661000"
"Publicly owned utility","Ukiah, City of","2012","       0.010092","      65.252121","       2.545220","       1.216268","       0.667299","      40.958000","       0.000000","     110.649000"
"Publicly owned utility","Ukiah, City of","2013","       1.546025","      60.188006","       2.289687","       1.024726","       0.455556","      40.823000","       0.000000","     106.327000"
"Publicly owned utility","Ukiah, City of","2014","       2.753366","      64.459712","       2.539554","       1.062672","       0.513733","      36.712273","       0.000000","     108.041310"
"Publicly owned utility","Ukiah, City of","2015","       3.116225","      64.433014","       2.617186","       1.012013","       0.524124","      37.378495","       0.000000","     109.081057"
"Publicly owned utility","Ukiah, City of","2016","       3.369096","      61.376273","       2.630181","       1.043267","       0.525501","      37.786419","       0.000000","     106.730737"
"Publicly owned utility","Vernon, City of","2010","       0.003274","     240.094007","      23.876348","     873.500760","       0.628611","       0.175000","       1.464298","    1139.742298"
"Publicly owned utility","Vernon, City of","2011","       0.003302","     250.463777","      24.068257","     868.847043","       0.600621","       0.176000","       1.464160","    1145.623160"
"Publicly owned utility","Vernon, City of","2012","       0.003231","     234.444320","      21.290167","     888.586872","       0.632410","       0.173000","       1.465818","    1146.595818"
"Publicly owned utility","Vernon, City of","2013","       0.300729","     226.212531","      21.148642","     888.278938","       0.507161","       0.160000","       1.483133","    1138.091134"
"Publicly owned utility","Vernon, City of","2014","       0.378445","     260.207336","      20.392101","     850.391644","       0.364474","       0.170000","       1.470040","    1133.374040"
"Publicly owned utility","Vernon, City of","2015","       0.157150","     305.104729","      17.188599","     796.799281","       0.142222","       0.268000","       1.593019","    1121.253000"
"Publicly owned utility","Vernon, City of","2016","       0.002336","     287.333664","      18.234713","     753.074596","       0.137202","       0.342194","       1.464888","    1060.589593"
"Publicly owned utility","Victorville Municipal","2010","       0.023353","       5.104351","       3.664985","      47.722696","       0.018548","       0.000000","       0.102289","      56.636222"
"Publicly owned utility","Victorville Municipal","2011","       0.030452","       7.530235","       2.678307","      61.151994","       1.101525","       0.000000","       0.212593","      72.705106"
"Publicly owned utility","Victorville Municipal","2012","       0.053927","       4.462972","       5.033570","      62.197313","       1.775226","       0.000000","       0.028992","      73.552000"
"Publicly owned utility","Victorville Municipal","2013","       0.000444","       8.838744","       6.181311","      58.659186","       0.000000","       0.000000","       0.053315","      73.733000"
"Publicly owned utility","Victorville Municipal","2014","       0.000444","       8.737141","       7.073221","      59.528870","       0.000000","       0.000000","       0.048324","      75.388000"
"Publicly owned utility","Victorville Municipal","2015","       0.000444","       9.334733","       9.204279","      64.980175","       0.000000","       0.000000","       0.048323","      83.567954"
"Publicly owned utility","Victorville Municipal","2016","       0.000444","       9.503201","       9.394523","      69.679193","       0.005479","       0.000000","       0.048836","      88.631676"
"Rural electric cooperative","Anza Electric Cooperative, Inc.","2010","      11.168000","       0.000000","       0.000000","       0.000000","       0.000000","      33.247000","       0.000000","      44.415000"
"Rural electric cooperative","Anza Electric Cooperative, Inc.","2011","      11.596000","       0.000000","       0.000000","       0.000000","       0.000000","      34.600000","       0.000000","      46.196000"
"Rural electric cooperative","Anza Electric Cooperative, Inc.","2012","      12.001000","       0.000000","       0.000000","       0.000000","       0.000000","      35.415000","       0.000000","      47.416000"
"Rural electric cooperative","Anza Electric Cooperative, Inc.","2013","      11.782000","       0.000000","       0.000000","       0.000000","       0.000000","      36.223000","       0.000000","      48.005000"
"Rural electric cooperative","Anza Electric Cooperative, Inc.","2014","      11.673000","       0.000000","       0.000000","       0.000000","       0.000000","      36.189000","       0.000000","      47.862000"
"Rural electric cooperative","Anza Electric Cooperative, Inc.","2015","       0.458805","       5.824474","       1.935518","       0.000000","       0.204880","      42.759124","       0.000000","      51.182801"
"Rural electric cooperative","Anza Electric Cooperative, Inc.","2016","       0.924737","       6.437827","       2.090026","       0.000000","       0.201374","      40.704307","       0.030059","      50.388330"
"Rural electric cooperative","Plumas-Sierra Rural Electric Cooperative","2010","       9.988183","      58.769632","      17.191686","       1.035026","       0.324607","      59.838000","       0.015866","     147.163000"
"Rural electric cooperative","Plumas-Sierra Rural Electric Cooperative","2011","       9.192865","      59.486155","      18.131169","       0.720402","       0.373101","      59.255000","       0.017309","     147.176001"
"Rural electric cooperative","Plumas-Sierra Rural Electric Cooperative","2012","      13.658635","      58.041030","      18.185405","       0.829289","       0.431715","      55.779000","       0.016926","     146.942000"
"Rural electric cooperative","Plumas-Sierra Rural Electric Cooperative","2013","      15.407059","      58.624199","      17.395418","       0.846106","       0.480273","      58.508000","       0.015945","     151.277000"
"Rural electric cooperative","Plumas-Sierra Rural Electric Cooperative","2014","      18.031273","      58.884776","      16.654695","       0.810984","       0.493487","      52.944000","       0.017785","     147.837000"
"Rural electric cooperative","Plumas-Sierra Rural Electric Cooperative","2015","      16.687567","      54.120152","      16.039324","       0.761621","       0.603796","      51.076229","       0.015438","     139.304127"
"Rural electric cooperative","Plumas-Sierra Rural Electric Cooperative","2016","      16.053908","      56.741987","      16.675748","       0.785420","       0.535935","      56.350839","       0.011359","     147.155196"
"Rural electric cooperative","Surprise Valley Electrical Corporation","2010","      47.244734","       6.439274","       1.256725","       0.044675","       0.430707","      34.930000","       0.054885","      90.401000"
"Rural electric cooperative","Surprise Valley Electrical Corporation","2011","      38.441363","       6.271195","       1.863899","       0.062376","       0.544652","      35.759000","       0.053516","      82.996001"
"Rural electric cooperative","Surprise Valley Electrical Corporation","2012","      62.517867","       5.840067","       1.323123","       0.057065","       0.533114","      33.812000","       0.052766","     104.136002"
"Rural electric cooperative","Surprise Valley Electrical Corporation","2013","      60.101699","       6.154020","       1.455827","       0.058630","       0.532217","      36.021000","       0.052607","     104.376000"
"Rural electric cooperative","Surprise Valley Electrical Corporation","2014","      69.917735","       5.389576","       1.232841","       0.042396","       0.341879","      32.376000","       0.047573","     109.348000"
"Rural electric cooperative","Surprise Valley Electrical Corporation","2015","      74.497606","       6.200057","       1.470408","       0.049484","       0.417468","      31.941198","       0.081700","     114.657921"
"Rural electric cooperative","Surprise Valley Electrical Corporation","2016","      59.058130","       5.519315","       1.363444","       0.047724","       0.730324","      35.709054","       0.044579","     102.472570"
"Rural electric cooperative","Valley Electric Association","2010","       8.038000","       0.000000","       0.000000","       0.000000","       0.000000","       0.119000","       0.000000","       8.157000"
"Rural electric cooperative","Valley Electric Association","2011","       8.371000","       0.000000","       0.000000","       0.000000","       0.000000","       0.122000","       0.000000","       8.493000"
"Rural electric cooperative","Valley Electric Association","2012","       9.171000","       0.000000","       0.000000","       0.000000","       0.000000","       0.112000","       0.000000","       9.283000"
"Rural electric cooperative","Valley Electric Association","2013","       9.920000","       0.000000","       0.000000","       0.000000","       0.000000","       0.115000","       0.000000","      10.035000"
"Rural electric cooperative","Valley Electric Association","2014","      10.447000","       0.000000","       0.000000","       0.000000","       0.000000","       0.116000","       0.000000","      10.563000"
"Rural electric cooperative","Valley Electric Association","2015","       9.137958","       0.003640","       0.003006","       0.000000","       0.000000","       0.100406","       0.000000","       9.245010"
"Rural electric cooperative","Valley Electric Association","2016","      10.020537","       0.000004","       0.002247","       0.000000","       0.000000","       0.111006","       0.000000","      10.133794"
"Self Generator","Self Generation in the BUGL planning area","2010","       0.000000","       4.797217","       0.000000","       0.000000","       0.078245","       3.439982","       0.000000","       8.315444"
"Self Generator","Self Generation in the BUGL planning area","2011","       0.000000","       5.586450","       0.000000","       0.000000","       0.077853","       4.145731","       0.000000","       9.810034"
"Self Generator","Self Generation in the BUGL planning area","2012","       0.000000","       7.295719","       0.417100","       0.000000","       0.077464","       4.699772","       0.000000","      12.490055"
"Self Generator","Self Generation in the BUGL planning area","2013","       0.000000","       9.152372","       0.415014","       0.000000","       0.077077","       5.439895","       0.000000","      15.084358"
"Self Generator","Self Generation in the BUGL planning area","2014","       0.000000","      10.498410","       0.412939","       0.000000","       0.076691","       7.054509","       0.000000","      18.042549"
"Self Generator","Self Generation in the BUGL planning area","2015","       0.000000","      10.765746","       0.410875","       0.000000","       0.076308","       9.449633","       0.000000","      20.702562"
"Self Generator","Self Generation in the BUGL planning area","2016","       0.000000","      11.869119","       0.408820","       0.000000","       0.075926","      13.401548","       0.000000","      25.755413"
"Self Generator","Self Generation in the IID planning area","2010","       0.000000","       1.586644","       0.055579","       0.169113","       0.000000","       4.302562","       0.000000","       6.113898"
"Self Generator","Self Generation in the IID planning area","2011","       0.000000","       2.747318","       0.055301","       0.168268","      10.301760","       4.989368","       0.000000","      18.262015"
"Self Generator","Self Generation in the IID planning area","2012","       0.000000","       5.373397","       0.055024","       0.167426","      10.198742","       6.417649","       0.000000","      22.212238"
"Self Generator","Self Generation in the IID planning area","2013","       0.000000","       8.741695","       0.054749","       0.166589","      10.096755","       7.533193","       0.000000","      26.592981"
"Self Generator","Self Generation in the IID planning area","2014","       0.000000","      16.364170","       0.217666","       0.165756","       9.995787","      10.431820","       0.000000","      37.175199"
"Self Generator","Self Generation in the IID planning area","2015","       0.000000","      27.890661","       0.239301","       0.164928","       9.895830","      18.370053","       0.000000","      56.560773"
"Self Generator","Self Generation in the IID planning area","2016","       0.000000","      35.755704","       0.305860","       0.164103","       9.796871","      37.045677","       0.000000","      83.068215"
"Self Generator","Self Generation in the LADWP planning area","2010","       0.000000","     351.727639","       3.226011","     986.493934","       2.119122","      26.740235","       0.000000","    1370.306941"
"Self Generator","Self Generation in the LADWP planning area","2011","       0.000000","     341.511731","       3.209881","    1010.001248","       2.099836","      38.725327","       0.000000","    1395.548023"
"Self Generator","Self Generation in the LADWP planning area","2012","       0.000000","     381.733510","       3.193832","     993.498743","       2.080734","      55.399637","       0.000000","    1435.906456"
"Self Generator","Self Generation in the LADWP planning area","2013","       0.000000","     385.198688","       3.177863","    1048.521420","       2.061813","      82.853554","       0.000000","    1521.813338"
"Self Generator","Self Generation in the LADWP planning area","2014","       0.000000","     407.125734","       3.161973","     962.175276","       2.043071","     114.762438","       0.000000","    1489.268492"
"Self Generator","Self Generation in the LADWP planning area","2015","       0.000000","     428.776483","       3.146163","     953.782310","       2.024508","     151.162223","       0.000000","    1538.891687"
"Self Generator","Self Generation in the LADWP planning area","2016","       0.000000","     431.558144","       3.130433","    1031.024540","       2.006121","     218.133460","       0.000000","    1685.852698"
"Self Generator","Self Generation in the NCNC planning area","2010","       0.414249","      20.104243","       0.481844","      20.698516","       0.000000","      32.625067","       0.000000","      74.323919"
"Self Generator","Self Generation in the NCNC planning area","2011","       3.162897","      33.249364","       0.489149","      32.721757","       0.000000","      39.647891","       0.000000","     109.271058"
"Self Generator","Self Generation in the NCNC planning area","2012","       5.354164","      54.123457","       0.427178","      35.857507","       0.000000","      49.531266","       0.000000","     145.293572"
"Self Generator","Self Generation in the NCNC planning area","2013","       6.330497","      77.708053","       0.706867","      40.821772","       0.000000","      64.601729","       0.000000","     190.168918"
"Self Generator","Self Generation in the NCNC planning area","2014","       8.580994","      85.028728","       2.322943","      45.623095","       0.000000","      98.123505","       0.000000","     239.679265"
"Self Generator","Self Generation in the NCNC planning area","2015","      10.297808","      94.504752","       3.829455","      48.702821","       0.000000","     145.509609","       0.000000","     302.844445"
"Self Generator","Self Generation in the NCNC planning area","2016","      10.591686","     114.332853","       7.056711","      49.269008","       0.000000","     202.357640","       0.000000","     383.607898"
"Self Generator","Self Generation in the OTHER planning area","2010","       0.000000","       0.139841","       0.000000","       0.615010","       0.000000","       0.398271","       0.000000","       1.153122"
"Self Generator","Self Generation in the OTHER planning area","2011","       0.000000","       0.165963","       0.000000","       0.000000","       0.000000","       0.497374","       0.000000","       0.663337"
"Self Generator","Self Generation in the OTHER planning area","2012","       0.000000","       0.178695","       0.000000","       0.000000","       0.000000","       0.606899","       0.000000","       0.785594"
"Self Generator","Self Generation in the OTHER planning area","2013","       0.000000","       0.202634","       0.000000","       0.000000","       0.000000","       0.735211","       0.000000","       0.937845"
"Self Generator","Self Generation in the OTHER planning area","2014","       0.000000","      13.492634","       0.000000","       0.013685","       0.000000","       8.990553","       0.000000","      22.496872"
"Self Generator","Self Generation in the OTHER planning area","2015","       0.000000","      21.801313","       0.000000","       0.022197","       0.000000","      14.292537","       0.000000","      36.116047"
"Self Generator","Self Generation in the OTHER planning area","2016","       0.000000","      21.751125","       0.000000","       0.022086","       0.000000","      14.428289","       0.000000","      36.201500"
"Self Generator","Self Generation in the PGE planning area","2010","      30.728548","     872.407070","     131.586440","    3592.466590","    1297.502101","     296.159864","       0.000000","    6220.850613"
"Self Generator","Self Generation in the PGE planning area","2011","      38.137804","    1062.015234","     175.774459","    3589.084116","    1330.552026","     395.891473","       0.000000","    6591.455112"
"Self Generator","Self Generation in the PGE planning area","2012","      52.057165","    1119.548169","     200.251677","    3613.648282","    1293.472146","     513.303453","       0.000000","    6792.280892"
"Self Generator","Self Generation in the PGE planning area","2013","      83.760438","    1236.004389","     210.032903","    3690.125114","    1143.058442","     706.103951","       0.000000","    7069.085237"
"Self Generator","Self Generation in the PGE planning area","2014","     128.274618","    1336.987883","     214.192004","    4172.903795","    2269.857202","    1042.881869","       0.000000","    9165.097371"
"Self Generator","Self Generation in the PGE planning area","2015","     185.015550","    1270.093145","     206.071531","    4206.515667","    2454.280074","    1600.840656","       0.000000","    9922.816623"
"Self Generator","Self Generation in the PGE planning area","2016","     324.781918","    1408.331020","     206.927276","    4416.434555","    2470.463056","    2309.553047","       0.000000","   11136.490872"
"Self Generator","Self Generation in the SCE planning area","2010","      25.562581","     702.115639","     326.443620","    3042.492732","    1206.645244","     127.454783","       0.000000","    5430.714599"
"Self Generator","Self Generation in the SCE planning area","2011","      27.226182","     795.969755","     469.013080","    3094.470886","    1230.015926","     190.311371","       0.000000","    5807.007200"
"Self Generator","Self Generation in the SCE planning area","2012","      32.100674","     972.538212","     522.164617","    3010.842627","    1089.019892","     303.583227","       0.000000","    5930.249249"
"Self Generator","Self Generation in the SCE planning area","2013","      52.430562","    1036.432077","     530.537199","    3106.233966","    1132.147269","     488.389329","       0.000000","    6346.170402"
"Self Generator","Self Generation in the SCE planning area","2014","      55.656473","    1089.845287","     546.121685","    3065.066238","    1172.840040","     795.680482","       0.000000","    6725.210205"
"Self Generator","Self Generation in the SCE planning area","2015","      50.735719","    1166.058213","     481.105327","    3297.701511","    1011.452185","    1265.393261","       0.000000","    7272.446216"
"Self Generator","Self Generation in the SCE planning area","2016","      52.838390","    1303.474860","     528.896890","    3365.287994","     782.342923","    1859.041728","       0.000000","    7891.882785"
"Self Generator","Self Generation in the SDGE planning area","2010","       5.838365","     604.785586","      98.476581","     163.521005","       0.136343","      59.962500","       0.000000","     932.720380"
"Self Generator","Self Generation in the SDGE planning area","2011","      11.217522","     639.275442","      70.372448","     148.419574","       0.135661","      86.074643","       0.000000","     955.495290"
"Self Generator","Self Generation in the SDGE planning area","2012","      11.833638","     630.356156","     110.408054","     153.018905","       0.134983","     120.951972","       0.000000","    1026.703708"
"Self Generator","Self Generation in the SDGE planning area","2013","      13.159025","     665.910034","     112.010443","     159.045850","       0.339292","     188.819725","       0.000000","    1139.284369"
"Self Generator","Self Generation in the SDGE planning area","2014","      14.686005","     712.635163","     121.663177","     144.264031","       0.336571","     323.062765","       0.000000","    1316.647712"
"Self Generator","Self Generation in the SDGE planning area","2015","      17.256223","     748.236515","     161.948166","     143.810010","       0.341051","     530.003476","       0.000000","    1601.595441"
"Self Generator","Self Generation in the SDGE planning area","2016","      19.319312","     801.700453","     155.147123","     131.435191","       0.342113","     861.143857","       0.000000","    1969.088049"
"Western Area Power Agency","USBR WAPA Central Valley Project","2010","     947.814874","     582.136273","     657.050095","       0.000000","     138.978759","       0.000000","       0.000000","    2325.980001"
"Western Area Power Agency","USBR WAPA Central Valley Project","2011","     794.300190","     740.889775","    1022.444010","       0.000000","     177.636025","       0.000000","       0.000000","    2735.270000"
"Western Area Power Agency","USBR WAPA Central Valley Project","2012","     761.631884","     610.761955","     786.622343","       0.000000","     151.808817","       0.000000","       0.000000","    2310.824999"
"Western Area Power Agency","USBR WAPA Central Valley Project","2013","     558.425751","     914.309719","     719.724375","       0.000000","     170.099155","       0.000000","       0.000000","    2362.559000"
"Western Area Power Agency","USBR WAPA Central Valley Project","2014","     364.694000","     616.817000","     702.202000","       0.000000","     216.024000","       0.000000","       0.000000","    1899.737000"
"Western Area Power Agency","USBR WAPA Central Valley Project","2015","     276.242842","     613.914581","     560.265379","       0.000000","     193.334369","       0.000000","       0.000000","    1643.757171"
"Western Area Power Agency","USBR WAPA Central Valley Project","2016","     658.974000","     666.096000","     937.707000","       0.000000","     105.488000","       0.000000","       0.000000","    2368.265000"
